"Index","Description"
0,"Unknown/Background"
1,"Left CerebellumPosterior LobeInferior Semi-Lunar LobuleGray Matter"
2,"Right CerebellumPosterior LobeInferior Semi-Lunar LobuleGray Matter"
3,"Left CerebellumPosterior LobeCerebellar TonsilGray Matter"
4,"Right CerebellumPosterior LobeCerebellar TonsilGray Matter"
5,"Left BrainstemMedulla"
6,"Right BrainstemMedulla"
7,"Inferior Temporal Gyrus"
8,"Left CerebrumTemporal LobeInferior Temporal GyrusGray MatterBrodmann area 20"
9,"Left CerebrumTemporal LobeInferior Temporal Gyrus"
10,"Left CerebrumTemporal Lobe"
11,"Right CerebrumTemporal Lobe"
12,"Right CerebrumTemporal LobeInferior Temporal Gyrus"
13,"Right CerebrumTemporal LobeInferior Temporal GyrusGray MatterBrodmann area 20"
14,"Left CerebrumTemporal LobeInferior Temporal GyrusWhite Matter"
15,"Left CerebrumLimbic LobeInferior Temporal GyrusGray MatterBrodmann area 20"
16,"Left CerebrumLimbic LobeUncusGray MatterBrodmann area 20"
17,"Left CerebrumLimbic LobeUncus"
18,"Right CerebrumLimbic LobeUncusGray MatterBrodmann area 20"
19,"Right CerebrumLimbic LobeInferior Temporal GyrusGray MatterBrodmann area 20"
20,"Right CerebrumTemporal LobeInferior Temporal GyrusWhite Matter"
21,"Left CerebrumLimbic Lobe"
22,"Right CerebrumLimbic Lobe"
23,"Left CerebrumTemporal LobeMiddle Temporal GyrusGray MatterBrodmann area 20"
24,"Left CerebrumTemporal LobeMiddle Temporal GyrusWhite Matter"
25,"Left CerebrumLimbic LobeUncusWhite Matter"
26,"Right CerebrumLimbic LobeGray MatterBrodmann area 20"
27,"Right CerebrumLimbic LobeUncusWhite Matter"
28,"Right CerebrumTemporal LobeMiddle Temporal GyrusWhite Matter"
29,"Right CerebrumTemporal LobeMiddle Temporal GyrusGray MatterBrodmann area 20"
30,"Right CerebrumTemporal LobeMiddle Temporal Gyrus"
31,"Right CerebrumLimbic LobeUncus"
32,"Left CerebrumTemporal LobeMiddle Temporal Gyrus"
33,"Left CerebrumTemporal LobeMiddle Temporal GyrusGray MatterBrodmann area 38"
34,"Left CerebrumLimbic LobeUncusGray MatterBrodmann area 38"
35,"Right CerebrumLimbic LobeUncusGray MatterBrodmann area 38"
36,"Right CerebrumTemporal LobeMiddle Temporal GyrusGray MatterBrodmann area 38"
37,"Left CerebrumLimbic LobeMiddle Temporal GyrusWhite Matter"
38,"Left CerebrumTemporal LobeSuperior Temporal GyrusGray MatterBrodmann area 38"
39,"Left CerebrumTemporal LobeSuperior Temporal GyrusWhite Matter"
40,"Left CerebrumTemporal LobeSuperior Temporal Gyrus"
41,"Right CerebrumTemporal LobeSuperior Temporal GyrusGray MatterBrodmann area 38"
42,"Right CerebrumTemporal LobeSuperior Temporal GyrusWhite Matter"
43,"Right CerebrumTemporal LobeSuperior Temporal Gyrus"
44,"Right CerebrumTemporal LobeGray MatterBrodmann area 38"
45,"Left CerebrumTemporal LobeGray MatterBrodmann area 38"
46,"Right CerebrumFrontal LobeInferior Temporal GyrusGray MatterBrodmann area 20"
47,"Right CerebrumInferior Temporal Gyrus"
48,"Right Cerebrum"
49,"Left CerebrumLimbic LobeInferior Temporal GyrusWhite Matter"
50,"Right CerebrumLimbic LobeInferior Temporal GyrusWhite Matter"
51,"Left CerebrumTemporal LobeSub-GyralWhite Matter"
52,"Right CerebrumTemporal LobeSub-GyralWhite Matter"
53,"Left CerebrumLimbic LobeGray MatterBrodmann area 20"
54,"Middle Temporal Gyrus"
55,"Right CerebrumLimbic LobeSub-GyralWhite Matter"
56,"Left CerebrumLimbic LobeSuperior Temporal GyrusWhite Matter"
57,"Right CerebrumLimbic LobeSuperior Temporal GyrusWhite Matter"
58,"Right CerebrumUncus"
59,"Left CerebrumLimbic LobeSuperior Temporal GyrusGray MatterBrodmann area 38"
60,"Right CerebrumLimbic LobeSuperior Temporal GyrusGray MatterBrodmann area 38"
61,"Left CerebellumPosterior LobePyramisGray Matter"
62,"Right CerebellumPosterior LobePyramisGray Matter"
63,"Left CerebellumPosterior LobeUvulaGray Matter"
64,"Right CerebellumPosterior LobeUvulaGray Matter"
65,"Right CerebellumGray Matter"
66,"Left CerebellumGray Matter"
67,"Left CerebellumPosterior LobeUvula of VermisGray Matter"
68,"Right CerebellumPosterior LobeUvula of VermisGray Matter"
69,"Right CerebellumSub-lobarFourth VentricleCerebro-Spinal Fluid"
70,"Left CerebellumSub-lobarFourth VentricleCerebro-Spinal Fluid"
71,"Left BrainstemPons"
72,"Right BrainstemPons"
73,"Limbic LobeUncus"
74,"Left Cerebrum"
75,"Left CerebrumLimbic LobeUncusGray MatterBrodmann area 36"
76,"Right CerebrumLimbic LobeUncusGray MatterBrodmann area 36"
77,"Right CerebrumTemporal LobeInferior Temporal GyrusGray MatterBrodmann area 21"
78,"Left CerebrumTemporal LobeMiddle Temporal GyrusGray MatterBrodmann area 21"
79,"Right CerebrumTemporal LobeMiddle Temporal GyrusGray MatterBrodmann area 21"
80,"Left CerebellumPosterior LobeTuberGray Matter"
81,"Right CerebellumPosterior LobeTuberGray Matter"
82,"Left CerebellumPosterior LobePyramis of VermisGray Matter"
83,"Right CerebellumPosterior LobePyramis of VermisGray Matter"
84,"Left CerebellumAnterior LobeNoduleGray Matter"
85,"Left CerebellumAnterior LobeGray Matter"
86,"Right CerebellumAnterior LobeNoduleGray Matter"
87,"Right CerebellumAnterior LobeGray Matter"
88,"Left CerebellumAnterior LobeCulmenGray Matter"
89,"Right CerebellumAnterior LobeCulmenGray Matter"
90,"Temporal Lobe"
91,"Temporal LobeInferior Temporal Gyrus"
92,"Right CerebrumLimbic LobeInferior Temporal Gyrus"
93,"Left CerebrumLimbic LobeInferior Temporal Gyrus"
94,"Left CerebrumLimbic LobeUncusGray MatterBrodmann area 28"
95,"Right CerebrumLimbic LobeUncusGray MatterBrodmann area 28"
96,"Left CerebrumLimbic LobeSub-GyralWhite Matter"
97,"Left CerebrumTemporal LobeInferior Temporal GyrusGray MatterBrodmann area 21"
98,"Left CerebrumInferior Temporal Gyrus"
99,"Left CerebrumMiddle Temporal Gyrus"
100,"Left CerebrumSuperior Temporal Gyrus"
101,"Left CerebrumSuperior Temporal GyrusGray MatterBrodmann area 38"
102,"Left CerebrumFrontal LobeOrbital GyrusGray MatterBrodmann area 11"
103,"Right CerebrumOrbital GyrusGray MatterBrodmann area 11"
104,"Frontal LobeOrbital Gyrus"
105,"Left CerebrumFrontal LobeOrbital Gyrus"
106,"Left CerebrumFrontal Lobe"
107,"Inter-Hemispheric"
108,"Right CerebrumFrontal Lobe"
109,"Right CerebrumFrontal LobeOrbital GyrusGray MatterBrodmann area 11"
110,"Right CerebrumFrontal LobeOrbital Gyrus"
111,"Orbital Gyrus"
112,"Left CerebrumFrontal LobeOrbital GyrusWhite Matter"
113,"Right CerebrumFrontal LobeOrbital GyrusWhite Matter"
114,"Left CerebellumPosterior LobeTuber of VermisGray Matter"
115,"Right CerebellumPosterior LobeTuber of VermisGray Matter"
116,"Left CerebellumAnterior LobePyramisGray Matter"
117,"Right CerebellumAnterior LobePyramisGray Matter"
118,"Right CerebellumAnterior LobeGray MatterDentate"
119,"Left CerebellumAnterior LobeGray MatterDentate"
120,"Left CerebellumPosterior LobeCulmenGray Matter"
121,"Left CerebrumTemporal LobeFusiform Gyrus"
122,"Right CerebrumTemporal LobeFusiform Gyrus"
123,"Left CerebrumTemporal LobeFusiform GyrusGray MatterBrodmann area 20"
124,"Right CerebrumTemporal LobeFusiform GyrusGray MatterBrodmann area 20"
125,"Left CerebrumLimbic LobeParahippocampal Gyrus"
126,"Limbic LobeParahippocampal Gyrus"
127,"Right CerebrumLimbic LobeParahippocampal Gyrus"
128,"Left CerebrumTemporal LobeFusiform GyrusWhite Matter"
129,"Left CerebrumLimbic LobeParahippocampal GyrusGray MatterBrodmann area 36"
130,"Right CerebrumLimbic LobeParahippocampal GyrusGray MatterBrodmann area 36"
131,"Right CerebrumTemporal LobeFusiform GyrusWhite Matter"
132,"Right CerebrumLimbic LobeFusiform Gyrus"
133,"Left CerebrumLimbic LobeParahippocampal GyrusWhite Matter"
134,"Right CerebrumLimbic LobeParahippocampal GyrusWhite Matter"
135,"Right CerebrumLimbic LobeFusiform GyrusGray MatterBrodmann area 20"
136,"Left CerebrumTemporal LobeFusiform GyrusGray MatterBrodmann area 36"
137,"Left CerebrumLimbic LobeFusiform GyrusWhite Matter"
138,"Right CerebrumLimbic LobeFusiform GyrusWhite Matter"
139,"Fusiform Gyrus"
140,"Left CerebrumLimbic LobeParahippocampal GyrusGray MatterBrodmann area 35"
141,"Right CerebrumLimbic LobeParahippocampal GyrusGray MatterBrodmann area 35"
142,"Left CerebrumFrontal LobeRectal GyrusGray MatterBrodmann area 11"
143,"Left CerebrumFrontal LobeRectal Gyrus"
144,"Right CerebrumFrontal LobeRectal Gyrus"
145,"Right CerebrumFrontal LobeRectal GyrusGray MatterBrodmann area 11"
146,"Left CerebrumFrontal LobeOrbital GyrusGray MatterBrodmann area 47"
147,"Right CerebrumFrontal LobeOrbital GyrusGray MatterBrodmann area 47"
148,"Left CerebrumFrontal LobeRectal GyrusWhite Matter"
149,"Right CerebrumFrontal LobeRectal GyrusWhite Matter"
150,"Inter-HemisphericRectal Gyrus"
151,"Left CerebrumFrontal LobeSuperior Frontal Gyrus"
152,"Left CerebrumFrontal LobeSuperior Frontal GyrusGray MatterBrodmann area 11"
153,"Right CerebrumFrontal LobeSuperior Frontal GyrusGray MatterBrodmann area 11"
154,"Right CerebrumFrontal LobeSuperior Frontal Gyrus"
155,"Left CerebrumFrontal LobeSuperior Frontal GyrusWhite Matter"
156,"Right CerebrumFrontal LobeSuperior Frontal GyrusWhite Matter"
157,"Left CerebellumPosterior LobeDecliveGray Matter"
158,"Right CerebellumPosterior LobeDecliveGray Matter"
159,"Left CerebellumPosterior LobeDeclive of VermisGray Matter"
160,"Right CerebellumPosterior LobeDeclive of VermisGray Matter"
161,"Left CerebellumPosterior LobeGray MatterDentate"
162,"Left CerebellumPosterior LobeFastigiumGray Matter"
163,"Right CerebellumAnterior LobeFastigiumGray Matter"
164,"Right CerebellumPosterior LobeGray MatterDentate"
165,"Left CerebellumAnterior LobeFastigiumGray Matter"
166,"Right CerebrumTemporal LobeFusiform GyrusGray MatterBrodmann area 36"
167,"Right CerebrumFusiform GyrusGray MatterBrodmann area 20"
168,"Temporal LobeFusiform Gyrus"
169,"Left CerebrumLimbic LobeParahippocampal GyrusGray MatterBrodmann area 28"
170,"Right CerebrumLimbic LobeParahippocampal GyrusGray MatterBrodmann area 28"
171,"Left CerebrumTemporal LobeSub-GyralGray MatterBrodmann area 20"
172,"Right CerebrumTemporal LobeSub-GyralGray MatterBrodmann area 20"
173,"Left CerebrumSub-lobarLateral VentricleCerebro-Spinal Fluid"
174,"Right CerebrumSub-lobarLateral VentricleCerebro-Spinal Fluid"
175,"Left CerebrumLimbic LobeParahippocampal GyrusGray MatterHippocampus"
176,"Right CerebrumLimbic LobeParahippocampal GyrusGray MatterHippocampus"
177,"Left CerebrumLimbic LobeParahippocampal GyrusGray MatterBrodmann area 34"
178,"Right CerebrumLimbic LobeParahippocampal GyrusGray MatterBrodmann area 34"
179,"Left CerebrumLimbic LobeUncusGray MatterBrodmann area 34"
180,"Right CerebrumLimbic LobeUncusGray MatterBrodmann area 34"
181,"Left CerebrumLimbic LobeUncusGray MatterAmygdala"
182,"Right CerebrumLimbic LobeUncusGray MatterAmygdala"
183,"Right CerebrumLimbic LobeParahippocampal GyrusGray MatterAmygdala"
184,"Inferior Frontal Gyrus"
185,"Left CerebrumFrontal LobeInferior Frontal GyrusGray MatterBrodmann area 47"
186,"Left CerebrumFrontal LobeInferior Frontal Gyrus"
187,"Right CerebrumFrontal LobeInferior Frontal Gyrus"
188,"Right CerebrumFrontal LobeInferior Frontal GyrusGray MatterBrodmann area 47"
189,"Left CerebrumFrontal LobeInferior Frontal GyrusWhite Matter"
190,"Right CerebrumFrontal LobeInferior Frontal GyrusWhite Matter"
191,"Left CerebrumFrontal LobeInferior Frontal GyrusGray MatterBrodmann area 11"
192,"Right CerebrumFrontal LobeInferior Frontal GyrusGray MatterBrodmann area 11"
193,"Left CerebrumFrontal LobeSub-GyralWhite Matter"
194,"Right CerebrumFrontal LobeSub-GyralWhite Matter"
195,"Left CerebrumFrontal LobeMiddle Frontal GyrusWhite Matter"
196,"Right CerebrumFrontal LobeMiddle Frontal GyrusWhite Matter"
197,"Left CerebrumFrontal LobeMiddle Frontal GyrusGray MatterBrodmann area 11"
198,"Right CerebrumFrontal LobeMiddle Frontal GyrusGray MatterBrodmann area 11"
199,"Right CerebrumFrontal LobeMiddle Frontal Gyrus"
200,"Right CerebrumOrbital Gyrus"
201,"Right CerebrumSuperior Frontal Gyrus"
202,"Left CerebrumOccipital LobeFusiform Gyrus"
203,"Left CerebrumOccipital LobeFusiform GyrusGray MatterBrodmann area 18"
204,"Right CerebrumOccipital LobeFusiform Gyrus"
205,"Right CerebrumOccipital LobeFusiform GyrusGray MatterBrodmann area 18"
206,"Left CerebrumOccipital LobeFusiform GyrusWhite Matter"
207,"Right CerebrumOccipital LobeFusiform GyrusWhite Matter"
208,"Left CerebrumTemporal LobeFusiform GyrusGray MatterBrodmann area 37"
209,"Right CerebrumTemporal LobeFusiform GyrusGray MatterBrodmann area 37"
210,"Right CerebrumFusiform Gyrus"
211,"Left CerebellumAnterior LobeCerebellar LingualGray Matter"
212,"Right CerebellumAnterior LobeCerebellar LingualGray Matter"
213,"Left CerebrumTemporal LobeInferior Temporal GyrusGray MatterBrodmann area 37"
214,"Right CerebrumTemporal LobeInferior Temporal GyrusGray MatterBrodmann area 37"
215,"Left BrainstemMidbrain"
216,"Right BrainstemMidbrain"
217,"Left CerebrumLimbic LobeParahippocampal GyrusGray MatterBrodmann area 20"
218,"Right CerebrumLimbic LobeParahippocampal GyrusGray MatterBrodmann area 20"
219,"Left CerebrumLimbic LobeParahippocampal GyrusGray MatterAmygdala"
220,"White Matter"
221,"Right CerebrumLimbic LobeParahippocampal GyrusGray MatterBrodmann area 38"
222,"Right CerebrumTemporal LobeSub-GyralGray MatterBrodmann area 38"
223,"Left CerebrumFrontal LobeMedial Frontal Gyrus"
224,"Right CerebrumFrontal LobeMedial Frontal Gyrus"
225,"Left CerebrumFrontal LobeSuperior Temporal Gyrus"
226,"Left CerebrumFrontal LobeMedial Frontal GyrusGray MatterBrodmann area 25"
227,"Right CerebrumFrontal LobeMedial Frontal GyrusGray MatterBrodmann area 25"
228,"Right CerebrumFrontal LobeSuperior Temporal Gyrus"
229,"Right CerebrumTemporal LobeInferior Frontal Gyrus"
230,"Left CerebrumFrontal LobeMedial Frontal GyrusWhite Matter"
231,"Right CerebrumFrontal LobeMedial Frontal GyrusWhite Matter"
232,"Left CerebrumTemporal LobeInferior Frontal Gyrus"
233,"Left CerebrumFrontal LobeMiddle Frontal Gyrus"
234,"Left CerebrumFrontal LobeInferior Frontal GyrusGray MatterBrodmann area 25"
235,"Left CerebrumFrontal LobeMedial Frontal GyrusGray MatterBrodmann area 11"
236,"Right CerebrumFrontal LobeMedial Frontal GyrusGray MatterBrodmann area 11"
237,"Right CerebrumFrontal LobeInferior Frontal GyrusGray MatterBrodmann area 25"
238,"Left CerebrumOccipital LobeLingual Gyrus"
239,"Lingual Gyrus"
240,"Occipital Lobe"
241,"Occipital LobeLingual Gyrus"
242,"Left CerebrumOccipital LobeLingual GyrusGray MatterBrodmann area 17"
243,"Inter-HemisphericOccipital LobeLingual Gyrus"
244,"Right CerebrumOccipital LobeLingual Gyrus"
245,"Right CerebrumOccipital LobeLingual GyrusGray MatterBrodmann area 17"
246,"Left CerebrumOccipital Lobe"
247,"Left CerebrumOccipital LobeLingual GyrusGray MatterBrodmann area 18"
248,"Right CerebrumOccipital Lobe"
249,"Right CerebrumOccipital LobeLingual GyrusGray MatterBrodmann area 18"
250,"Left CerebrumOccipital LobeInferior Occipital GyrusGray MatterBrodmann area 18"
251,"Left CerebrumOccipital LobeInferior Occipital Gyrus"
252,"Left CerebrumOccipital LobeLingual GyrusWhite Matter"
253,"Right CerebrumOccipital LobeLingual GyrusWhite Matter"
254,"Right CerebrumOccipital LobeInferior Occipital GyrusGray MatterBrodmann area 18"
255,"Left CerebrumOccipital LobeInferior Occipital GyrusWhite Matter"
256,"Right CerebrumOccipital LobeInferior Occipital GyrusWhite Matter"
257,"Right CerebrumOccipital LobeInferior Occipital Gyrus"
258,"Left CerebrumOccipital LobeFusiform GyrusGray MatterBrodmann area 19"
259,"Right CerebrumOccipital LobeFusiform GyrusGray MatterBrodmann area 19"
260,"Inferior Occipital Gyrus"
261,"Left CerebrumInferior Occipital Gyrus"
262,"Right CerebrumInferior Occipital Gyrus"
263,"Right CerebrumOccipital LobeGray MatterBrodmann area 19"
264,"Left CerebrumOccipital LobeGray MatterBrodmann area 19"
265,"Left CerebrumTemporal LobeFusiform GyrusGray MatterBrodmann area 19"
266,"Right CerebrumTemporal LobeFusiform GyrusGray MatterBrodmann area 19"
267,"Left CerebrumTemporal LobeGray MatterBrodmann area 37"
268,"Right CerebrumTemporal LobeGray MatterBrodmann area 37"
269,"Left CerebrumTemporal LobeMiddle Temporal GyrusGray MatterBrodmann area 37"
270,"Left CerebrumLimbic LobeParahippocampal GyrusGray MatterBrodmann area 37"
271,"Right CerebrumLimbic LobeParahippocampal GyrusGray MatterBrodmann area 37"
272,"Right CerebrumLimbic LobeGray MatterBrodmann area 35"
273,"White MatterOptic Tract"
274,"Gray MatterHypothalamus"
275,"Right CerebrumTemporal LobeSub-GyralGray MatterBrodmann area 21"
276,"Right CerebrumTemporal LobeSuperior Temporal GyrusGray MatterBrodmann area 21"
277,"Left CerebrumFrontal LobeSubcallosal Gyrus"
278,"Right CerebrumFrontal LobeSubcallosal Gyrus"
279,"Left CerebrumLimbic LobeSubcallosal GyrusGray MatterBrodmann area 34"
280,"Left CerebrumFrontal LobeSubcallosal GyrusGray MatterBrodmann area 34"
281,"Left CerebrumFrontal LobeSubcallosal GyrusGray MatterBrodmann area 25"
282,"Right CerebrumFrontal LobeSubcallosal GyrusGray MatterBrodmann area 25"
283,"Right CerebrumFrontal LobeSubcallosal GyrusGray MatterBrodmann area 34"
284,"Right CerebrumLimbic LobeSubcallosal Gyrus"
285,"Right CerebrumLimbic LobeSubcallosal GyrusGray MatterBrodmann area 34"
286,"Left CerebrumTemporal LobeSuperior Temporal GyrusGray MatterBrodmann area 21"
287,"Left CerebrumTemporal LobeSubcallosal GyrusGray MatterBrodmann area 34"
288,"Left CerebrumTemporal LobeInferior Frontal GyrusGray MatterBrodmann area 13"
289,"Left CerebrumTemporal LobeInferior Frontal GyrusWhite Matter"
290,"Left CerebrumFrontal LobeSubcallosal GyrusWhite Matter"
291,"Right CerebrumFrontal LobeSubcallosal GyrusWhite Matter"
292,"Right CerebrumTemporal LobeInferior Frontal GyrusGray MatterBrodmann area 13"
293,"Right CerebrumTemporal LobeInferior Frontal GyrusWhite Matter"
294,"Left CerebrumFrontal LobeInferior Frontal GyrusGray MatterBrodmann area 13"
295,"Right CerebrumFrontal LobeInferior Frontal GyrusGray MatterBrodmann area 13"
296,"Left CerebrumFrontal LobeSubcallosal GyrusGray MatterBrodmann area 13"
297,"Right CerebrumFrontal LobeSubcallosal GyrusGray MatterBrodmann area 13"
298,"Left CerebrumFrontal LobeSubcallosal GyrusGray MatterBrodmann area 47"
299,"Right CerebrumFrontal LobeSubcallosal GyrusGray MatterBrodmann area 47"
300,"Left CerebrumFrontal LobeSubcallosal GyrusGray MatterBrodmann area 11"
301,"Right CerebrumFrontal LobeSubcallosal GyrusGray MatterBrodmann area 11"
302,"Right CerebrumFrontal LobeMiddle Frontal GyrusGray MatterBrodmann area 47"
303,"Left CerebrumOccipital LobeInferior Occipital GyrusGray MatterBrodmann area 17"
304,"Right CerebrumGray MatterBrodmann area 18"
305,"Right CerebrumOccipital LobeInferior Occipital GyrusGray MatterBrodmann area 17"
306,"Left CerebrumOccipital LobeMiddle Occipital GyrusGray MatterBrodmann area 18"
307,"Right CerebrumOccipital LobeMiddle Occipital GyrusGray MatterBrodmann area 18"
308,"Left CerebrumOccipital LobeMiddle Occipital GyrusWhite Matter"
309,"Right CerebrumOccipital LobeMiddle Occipital GyrusWhite Matter"
310,"Left CerebrumOccipital LobeMiddle Occipital Gyrus"
311,"Right CerebrumOccipital LobeMiddle Occipital Gyrus"
312,"Left CerebrumOccipital LobeSub-Gyral"
313,"Right CerebrumSub-Gyral"
314,"Right CerebrumOccipital LobeSub-Gyral"
315,"Left CerebrumOccipital LobeMiddle Occipital GyrusGray MatterBrodmann area 19"
316,"Right CerebrumOccipital LobeMiddle Occipital GyrusGray MatterBrodmann area 19"
317,"Middle Occipital Gyrus"
318,"Right CerebrumLingual Gyrus"
319,"Left CerebrumOccipital LobeSub-GyralWhite Matter"
320,"Right CerebrumOccipital LobeSub-GyralWhite Matter"
321,"Left CerebellumAnterior LobeCulmen of VermisGray Matter"
322,"Right CerebellumAnterior LobeCulmen of VermisGray Matter"
323,"Left CerebrumOccipital LobeMiddle Occipital GyrusGray MatterBrodmann area 37"
324,"Right CerebrumOccipital LobeMiddle Occipital GyrusGray MatterBrodmann area 37"
325,"Right CerebrumOccipital LobeInferior Temporal Gyrus"
326,"Left CerebrumOccipital LobeInferior Temporal GyrusWhite Matter"
327,"Right CerebrumOccipital LobeInferior Temporal GyrusWhite Matter"
328,"Right CerebrumTemporal LobeMiddle Temporal GyrusGray MatterBrodmann area 37"
329,"Left CerebrumOccipital LobeFusiform GyrusGray MatterBrodmann area 37"
330,"Right CerebrumOccipital LobeFusiform GyrusGray MatterBrodmann area 37"
331,"Right CerebrumOccipital LobeParahippocampal GyrusGray MatterBrodmann area 37"
332,"Left CerebrumTemporal LobeSub-GyralGray MatterBrodmann area 37"
333,"Right CerebrumTemporal LobeSub-GyralGray MatterBrodmann area 37"
334,"Right CerebrumLimbic LobeFusiform GyrusGray MatterBrodmann area 37"
335,"Right CerebrumLimbic LobeSub-Gyral"
336,"Left CerebrumLimbic LobeSub-Gyral"
337,"Left CerebrumTemporal LobeSub-GyralGray MatterHippocampus"
338,"Right CerebrumTemporal LobeSub-GyralGray MatterHippocampus"
339,"Left CerebrumLimbic LobeSub-GyralGray MatterHippocampus"
340,"Right CerebrumLimbic LobeSub-GyralGray MatterHippocampus"
341,"Left BrainstemMidbrainGray MatterSubstania Nigra"
342,"Right BrainstemMidbrainGray MatterSubstania Nigra"
343,"Left BrainstemMidbrainGray MatterRed Nucleus"
344,"Right BrainstemMidbrainGray MatterRed Nucleus"
345,"Left CerebrumLimbic LobeSub-GyralGray MatterBrodmann area 28"
346,"Right CerebrumLimbic LobeWhite Matter"
347,"Left CerebrumSub-lobarExtra-NuclearWhite Matter"
348,"Right CerebrumSub-lobarExtra-NuclearWhite Matter"
349,"Left CerebrumTemporal LobeGray MatterCaudate Tail"
350,"Right CerebrumTemporal LobeCaudateGray MatterCaudate Tail"
351,"Left CerebrumTemporal LobeCaudateGray MatterCaudate Tail"
352,"Left CerebrumTemporal LobeSub-GyralGray MatterBrodmann area 21"
353,"Left CerebrumTemporal LobeExtra-NuclearWhite Matter"
354,"Left BrainstemMidbrainGray MatterMammillary Body"
355,"Right BrainstemMidbrainGray MatterMammillary Body"
356,"Left CerebrumSub-lobarGray MatterAmygdala"
357,"Right CerebrumWhite Matter"
358,"Right CerebrumSub-lobarGray MatterAmygdala"
359,"Left CerebrumSub-lobarExtra-NuclearWhite MatterOptic Tract"
360,"Right CerebrumSub-lobarThird VentricleCerebro-Spinal Fluid"
361,"Right CerebrumSub-lobarExtra-NuclearWhite MatterOptic Tract"
362,"Left CerebrumSub-lobarThird VentricleCerebro-Spinal Fluid"
363,"Left CerebrumSub-lobarGray MatterHypothalamus"
364,"Right CerebrumSub-lobarGray MatterHypothalamus"
365,"Left CerebrumTemporal LobeSuperior Temporal GyrusGray MatterBrodmann area 13"
366,"Left CerebrumTemporal LobeSub-GyralGray MatterBrodmann area 13"
367,"Right CerebrumTemporal LobeSuperior Temporal GyrusGray MatterBrodmann area 13"
368,"Right CerebrumTemporal LobeSub-GyralGray MatterBrodmann area 13"
369,"Left CerebrumSub-lobarExtra-NuclearGray MatterBrodmann area 13"
370,"Left CerebrumLimbic LobeExtra-NuclearWhite Matter"
371,"Left CerebrumLimbic LobeAnterior CingulateWhite Matter"
372,"Left CerebrumLimbic LobeAnterior Cingulate"
373,"Right CerebrumLimbic LobeAnterior Cingulate"
374,"Right CerebrumLimbic LobeAnterior CingulateWhite Matter"
375,"Right CerebrumLimbic LobeExtra-NuclearWhite Matter"
376,"Right CerebrumSub-lobarExtra-NuclearGray MatterBrodmann area 13"
377,"Left CerebrumTemporal LobeSub-Gyral"
378,"Left CerebrumSub-lobarExtra-Nuclear"
379,"Left CerebrumSub-lobarLentiform NucleusGray MatterPutamen"
380,"Left CerebrumLimbic LobeAnterior CingulateGray MatterBrodmann area 25"
381,"Right CerebrumLimbic LobeAnterior CingulateGray MatterBrodmann area 25"
382,"Right CerebrumSub-lobarLentiform NucleusGray MatterPutamen"
383,"Right CerebrumSub-lobarExtra-Nuclear"
384,"Right CerebrumTemporal LobeSub-Gyral"
385,"Left CerebrumSub-lobarGray Matter"
386,"Right CerebrumSub-lobarGray Matter"
387,"Temporal LobeSuperior Temporal Gyrus"
388,"Left CerebrumFrontal LobeSub-Gyral"
389,"Right CerebrumFrontal LobeSub-Gyral"
390,"Left CerebrumFrontal LobeExtra-Nuclear"
391,"Right CerebrumFrontal LobeExtra-Nuclear"
392,"Left CerebrumFrontal LobeExtra-NuclearGray MatterBrodmann area 47"
393,"Right CerebrumFrontal LobeExtra-NuclearGray MatterBrodmann area 47"
394,"Left CerebrumFrontal-Temporal Space"
395,"Left CerebrumLimbic LobeAnterior CingulateGray MatterBrodmann area 32"
396,"Right CerebrumLimbic LobeAnterior CingulateGray MatterBrodmann area 32"
397,"Right CerebrumFrontal-Temporal Space"
398,"Left CerebrumFrontal-Temporal SpaceInferior Frontal Gyrus"
399,"Left CerebrumFrontal LobeSub-GyralGray MatterBrodmann area 47"
400,"Left CerebrumFrontal LobeExtra-NuclearGray MatterBrodmann area 13"
401,"Right CerebrumSub-lobarExtra-NuclearGray MatterBrodmann area 47"
402,"Right CerebrumFrontal LobeSub-GyralGray MatterBrodmann area 47"
403,"Left CerebrumFrontal LobeExtra-NuclearWhite Matter"
404,"Right CerebrumFrontal LobeExtra-NuclearWhite Matter"
405,"Left CerebrumLimbic LobeAnterior CingulateGray MatterBrodmann area 10"
406,"Left CerebrumFrontal LobeMedial Frontal GyrusGray MatterBrodmann area 10"
407,"Right CerebrumLimbic LobeAnterior CingulateGray MatterBrodmann area 10"
408,"Right CerebrumFrontal LobeMedial Frontal GyrusGray MatterBrodmann area 10"
409,"Left CerebrumFrontal LobeMiddle Frontal GyrusGray MatterBrodmann area 47"
410,"Left CerebrumFrontal LobeMiddle Frontal GyrusGray MatterBrodmann area 10"
411,"Right CerebrumFrontal LobeMiddle Frontal GyrusGray MatterBrodmann area 10"
412,"Right CerebrumFrontal LobeSuperior Frontal GyrusGray MatterBrodmann area 10"
413,"Left CerebrumFrontal LobeSuperior Frontal GyrusGray MatterBrodmann area 10"
414,"Left CerebrumOccipital LobeInferior Occipital GyrusGray MatterBrodmann area 19"
415,"Right CerebrumOccipital LobeInferior Occipital GyrusGray MatterBrodmann area 19"
416,"Sub-Gyral"
417,"Left CerebrumOccipital LobeLingual GyrusGray MatterBrodmann area 19"
418,"Right CerebrumOccipital LobeLingual GyrusGray MatterBrodmann area 19"
419,"Left CerebrumOccipital LobeInferior Temporal Gyrus"
420,"Left CerebrumOccipital LobeInferior Temporal GyrusGray MatterBrodmann area 37"
421,"Left CerebrumOccipital LobeInferior Temporal GyrusGray MatterBrodmann area 19"
422,"Right CerebrumOccipital LobeInferior Temporal GyrusGray MatterBrodmann area 37"
423,"Right CerebrumOccipital LobeInferior Temporal GyrusGray MatterBrodmann area 19"
424,"Right CerebrumLimbic LobeLingual GyrusWhite Matter"
425,"Left CerebrumLimbic LobeParahippocampal GyrusGray MatterBrodmann area 19"
426,"Right CerebrumLimbic LobeParahippocampal GyrusGray MatterBrodmann area 19"
427,"Right CerebrumLimbic LobeSub-GyralGray MatterBrodmann area 19"
428,"Left CerebrumLimbic LobeSub-GyralGray MatterBrodmann area 19"
429,"Left CerebrumLimbic LobeParahippocampal GyrusGray MatterBrodmann area 30"
430,"Right CerebrumLimbic LobeSub-GyralGray MatterBrodmann area 30"
431,"Right CerebrumLimbic LobeParahippocampal GyrusGray MatterBrodmann area 30"
432,"Left CerebrumLimbic LobeParahippocampal GyrusGray MatterBrodmann area 27"
433,"Right CerebrumLimbic LobeParahippocampal GyrusGray MatterBrodmann area 27"
434,"Right CerebrumTemporal LobeWhite Matter"
435,"Left CerebrumSub-lobarCaudateGray MatterCaudate Tail"
436,"Right CerebrumSub-lobarCaudateGray MatterCaudate Tail"
437,"Left BrainstemMidbrainThalamusGray MatterMedial Geniculum Body"
438,"Right BrainstemMidbrainThalamusGray MatterMedial Geniculum Body"
439,"Left CerebrumSub-lobarInsulaWhite Matter"
440,"Right CerebrumMidbrain"
441,"Right CerebrumSub-lobarInsulaWhite Matter"
442,"Left CerebrumTemporal LobeSuperior Temporal GyrusGray MatterBrodmann area 22"
443,"Left CerebrumSub-lobarInsulaGray MatterBrodmann area 22"
444,"Right CerebrumSub-lobarInsulaGray MatterBrodmann area 13"
445,"Right CerebrumSub-lobarInsulaGray MatterBrodmann area 22"
446,"Right CerebrumTemporal LobeSuperior Temporal GyrusGray MatterBrodmann area 22"
447,"Left CerebrumSub-lobarInsulaGray MatterBrodmann area 13"
448,"Left CerebrumSub-lobarInsula"
449,"Left CerebrumSub-lobarClaustrumGray Matter"
450,"Right CerebrumSub-lobarClaustrumGray Matter"
451,"Right CerebrumSub-lobarInsula"
452,"Left CerebrumSub-lobarLentiform NucleusGray MatterLateral Globus Pallidus"
453,"Left BrainstemMidbrainGray MatterSubthalamic Nucleus"
454,"Right BrainstemMidbrainGray MatterSubthalamic Nucleus"
455,"Right CerebrumSub-lobarLentiform NucleusGray MatterLateral Globus Pallidus"
456,"Left CerebrumSub-lobarLentiform NucleusGray MatterMedial Globus Pallidus"
457,"Right CerebrumSub-lobarLentiform NucleusGray MatterMedial Globus Pallidus"
458,"Left CerebrumTemporal LobeMiddle Temporal GyrusGray MatterBrodmann area 22"
459,"Right BrainstemMidbrainExtra-NuclearWhite Matter"
460,"Right CerebrumTemporal LobeMiddle Temporal GyrusGray MatterBrodmann area 22"
461,"Left CerebrumSub-lobarWhite Matter"
462,"Right CerebrumSub-lobarWhite Matter"
463,"Right CerebrumTemporal LobeInsula"
464,"Left CerebrumSub-lobarCaudateGray MatterCaudate Head"
465,"Right CerebrumSub-lobarCaudateGray MatterCaudate Head"
466,"Right CerebrumSub-lobarInsulaGray MatterBrodmann area 47"
467,"Right CerebrumSub-lobarInferior Frontal GyrusGray MatterBrodmann area 47"
468,"Left CerebrumSub-lobarInsulaGray MatterBrodmann area 47"
469,"Left CerebrumLimbic LobeAnterior CingulateGray MatterBrodmann area 24"
470,"Right CerebrumLimbic LobeAnterior CingulateGray MatterBrodmann area 24"
471,"Right CerebrumFrontal LobeGray MatterBrodmann area 10"
472,"Right CerebrumMedial Frontal Gyrus"
473,"Left CerebrumOccipital LobeCuneus"
474,"Left CerebrumOccipital LobeCuneusGray MatterBrodmann area 18"
475,"Left CerebrumOccipital LobeCuneusGray MatterBrodmann area 17"
476,"Right CerebrumOccipital LobeCuneus"
477,"Right CerebrumOccipital LobeCuneusGray MatterBrodmann area 17"
478,"Right CerebrumOccipital LobeCuneusGray MatterBrodmann area 18"
479,"Left CerebrumTemporal LobeInferior Temporal GyrusGray MatterBrodmann area 19"
480,"Right CerebrumTemporal LobeInferior Temporal GyrusGray MatterBrodmann area 19"
481,"Left CerebrumOccipital LobeLingual GyrusGray MatterBrodmann area 30"
482,"Right CerebrumOccipital LobeLingual GyrusGray MatterBrodmann area 30"
483,"Left CerebrumFrontal LobeInferior Frontal GyrusGray MatterBrodmann area 10"
484,"Right CerebrumFrontal LobeInferior Frontal GyrusGray MatterBrodmann area 10"
485,"Left CerebrumOccipital LobeCuneusWhite Matter"
486,"Right CerebrumOccipital LobeCuneusWhite Matter"
487,"Left CerebrumOccipital LobeInferior Temporal GyrusGray MatterBrodmann area 18"
488,"Right CerebrumOccipital LobeInferior Temporal GyrusGray MatterBrodmann area 18"
489,"Left CerebrumLimbic LobeLingual GyrusWhite Matter"
490,"Left CerebrumTemporal LobeSub-GyralGray Matter"
491,"Right CerebrumTemporal LobeSub-GyralGray Matter"
492,"Left CerebrumTemporal LobeWhite MatterCaudate Tail"
493,"Left CerebrumSub-lobarCaudateGray Matter"
494,"Left CerebrumSub-lobarExtra-NuclearWhite MatterCaudate Tail"
495,"Right CerebrumSub-lobarCaudateGray Matter"
496,"Right CerebrumSub-lobarExtra-NuclearWhite MatterCaudate Tail"
497,"Left CerebrumSub-lobarGray MatterLateral Geniculum Body"
498,"Left BrainstemMidbrainGray MatterMedial Geniculum Body"
499,"Right BrainstemMidbrainGray MatterMedial Geniculum Body"
500,"Right CerebrumSub-lobarGray MatterLateral Geniculum Body"
501,"Left CerebrumSub-lobarLentiform NucleusGray Matter"
502,"Right CerebrumMidbrainExtra-NuclearWhite Matter"
503,"Left BrainstemMidbrainWhite Matter"
504,"Left CerebrumSub-lobarExtra-NuclearWhite MatterAnterior Commissure"
505,"Inter-HemisphericWhite MatterAnterior Commissure"
506,"Right CerebrumSub-lobarExtra-NuclearWhite MatterAnterior Commissure"
507,"Left CerebrumFrontal-Temporal SpaceSuperior Temporal Gyrus"
508,"Left CerebrumSub-lobarExtra-NuclearWhite MatterCorpus Callosum"
509,"Inter-HemisphericWhite MatterCorpus Callosum"
510,"Right CerebrumSub-lobarExtra-NuclearWhite MatterCorpus Callosum"
511,"Left CerebrumSub-lobarExtra-NuclearGray MatterBrodmann area 47"
512,"Left CerebrumSub-lobarExtra-NuclearCerebro-Spinal Fluid"
513,"Right CerebrumSub-lobarClaustrumWhite Matter"
514,"Left CerebrumFrontal LobeSub-GyralWhite MatterCorpus Callosum"
515,"Right CerebrumFrontal LobeSub-GyralWhite MatterCorpus Callosum"
516,"Left CerebrumFrontal LobeSub-GyralGray MatterBrodmann area 10"
517,"Right CerebrumFrontal LobeSub-GyralGray MatterBrodmann area 10"
518,"Gray Matter"
519,"Left CerebrumOccipital LobeGray Matter"
520,"Left CerebrumOccipital LobeMiddle Occipital GyrusGray Matter"
521,"Right CerebrumOccipital LobeMiddle Occipital GyrusGray Matter"
522,"Right CerebrumGray Matter"
523,"Middle Occipital GyrusGray Matter"
524,"Inter-HemisphericLingual Gyrus"
525,"Right CerebrumOccipital LobeLingual GyrusGray Matter"
526,"Left CerebrumLimbic LobeLingual GyrusGray Matter"
527,"Middle Temporal GyrusGray Matter"
528,"Left CerebrumTemporal LobeMiddle Temporal GyrusGray Matter"
529,"Left CerebrumSub-lobarThalamusGray Matter"
530,"Sub-lobarExtra-NuclearWhite Matter"
531,"Right CerebrumSub-lobarThalamusGray Matter"
532,"Left CerebrumTemporal LobeSuperior Temporal GyrusGray Matter"
533,"Left CerebrumOccipital LobeCuneusGray Matter"
534,"Inter-HemisphericOccipital LobeGray Matter"
535,"Right CerebrumOccipital LobeCuneusGray Matter"
536,"Right CerebrumCuneusGray Matter"
537,"Inter-HemisphericOccipital LobeCuneusGray MatterBrodmann area 18"
538,"Inter-HemisphericCuneus"
539,"Right CerebrumOccipital LobeGray Matter"
540,"Inter-HemisphericOccipital LobeCuneusGray MatterBrodmann area 17"
541,"Left CerebrumOccipital LobeLingual GyrusGray Matter"
542,"Right CerebrumMiddle Occipital GyrusGray Matter"
543,"Inter-HemisphericOccipital LobeCuneus"
544,"Inter-HemisphericOccipital LobeCuneusGray Matter"
545,"Inter-HemisphericOccipital LobeLingual GyrusGray Matter"
546,"Right CerebrumMiddle Occipital Gyrus"
547,"Inter-HemisphericOccipital Lobe"
548,"Left CerebrumOccipital LobeInferior Temporal GyrusGray Matter"
549,"Right CerebrumOccipital LobeInferior Temporal GyrusGray Matter"
550,"Inferior Temporal GyrusGray Matter"
551,"Right CerebrumInferior Temporal GyrusGray Matter"
552,"Left CerebrumOccipital LobeSub-GyralGray Matter"
553,"Left CerebrumTemporal LobeInferior Temporal GyrusGray Matter"
554,"Right CerebrumTemporal LobeInferior Temporal GyrusGray Matter"
555,"Right CerebrumTemporal LobeMiddle Temporal GyrusGray Matter"
556,"Left CerebrumOccipital LobeMiddle Temporal Gyrus"
557,"Left CerebrumOccipital LobeMiddle Temporal GyrusGray Matter"
558,"Left CerebrumOccipital LobeMiddle Temporal GyrusGray MatterBrodmann area 37"
559,"Culmen of Vermis"
560,"Right CerebrumOccipital LobeMiddle Temporal GyrusGray MatterBrodmann area 37"
561,"Right CerebrumOccipital LobeMiddle Temporal Gyrus"
562,"Left CerebrumOccipital LobeMiddle Temporal GyrusWhite Matter"
563,"Right CerebrumMiddle Temporal Gyrus"
564,"Right CerebellumAnterior LobeCulmenGray MatterBrodmann area 19"
565,"Left CerebrumTemporal LobeLingual GyrusWhite Matter"
566,"Left CerebrumTemporal LobeLingual GyrusGray MatterBrodmann area 19"
567,"Right CerebrumLimbic LobeParahippocampal GyrusGray Matter"
568,"Right CerebrumTemporal LobeLingual GyrusGray MatterBrodmann area 19"
569,"Right CerebrumTemporal LobeLingual GyrusWhite Matter"
570,"Left CerebrumLimbic LobeParahippocampal GyrusGray Matter"
571,"Left CerebrumTemporal LobeCerebro-Spinal FluidCaudate Tail"
572,"Left CerebrumTemporal LobeWhite Matter"
573,"Right CerebrumTemporal LobeExtra-NuclearWhite Matter"
574,"Right Brainstem"
575,"Right CerebrumTemporal LobeSuperior Temporal GyrusGray Matter"
576,"Left BrainstemMidbrainExtra-NuclearWhite Matter"
577,"Right CerebrumSuperior Temporal Gyrus"
578,"Left CerebrumTemporal LobeInsulaGray Matter"
579,"Left CerebrumSub-lobarThalamusGray MatterVentral Posterior Lateral Nucleus"
580,"Left CerebrumSub-lobarThalamusGray MatterVentral Posterior Medial Nucleus"
581,"Left CerebrumSub-lobarThalamusGray MatterMammillary Body"
582,"Right CerebrumSub-lobarThalamusGray MatterMammillary Body"
583,"Right CerebrumSub-lobarThalamusGray MatterVentral Posterior Medial Nucleus"
584,"Right CerebrumSub-lobarThalamusGray MatterVentral Posterior Lateral Nucleus"
585,"Right CerebrumSub-lobarInsulaGray Matter"
586,"Right CerebrumTemporal LobeInsulaGray Matter"
587,"Left CerebrumTemporal LobeInsulaGray MatterBrodmann area 22"
588,"Right CerebrumTemporal LobeInsulaGray MatterBrodmann area 22"
589,"Left CerebrumTemporal LobeInsulaGray MatterBrodmann area 13"
590,"Right CerebrumTemporal LobeInsulaGray MatterBrodmann area 13"
591,"Left CerebrumTemporal LobeInsula"
592,"Left CerebrumSub-lobarInsulaGray Matter"
593,"Right CerebrumSub-lobarExtra-NuclearWhite MatterMedial Globus Pallidus"
594,"Right CerebrumSub-lobarExtra-NuclearWhite MatterLateral Globus Pallidus"
595,"Left CerebrumSub-lobarExtra-NuclearWhite MatterLateral Globus Pallidus"
596,"Left CerebrumSub-lobarExtra-NuclearWhite MatterPutamen"
597,"Right CerebrumSub-lobarExtra-NuclearWhite MatterPutamen"
598,"Left CerebrumSub-lobarCaudateCerebro-Spinal FluidCaudate Head"
599,"Left CerebrumFrontal LobeInferior Frontal GyrusGray Matter"
600,"Right CerebrumFrontal LobeInferior Frontal GyrusGray Matter"
601,"Right CerebrumSub-lobarCaudateCerebro-Spinal FluidCaudate Head"
602,"Left CerebrumFrontal LobeInferior Frontal GyrusGray MatterBrodmann area 45"
603,"Right CerebrumFrontal LobeInferior Frontal GyrusGray MatterBrodmann area 45"
604,"Left CerebrumSub-lobarInferior Frontal GyrusGray MatterBrodmann area 47"
605,"Left CerebrumLimbic LobeAnterior CingulateGray Matter"
606,"Right CerebrumLimbic LobeAnterior CingulateGray Matter"
607,"Left CerebrumFrontal LobeInferior Frontal GyrusGray MatterBrodmann area 46"
608,"Right CerebrumFrontal LobeInferior Frontal GyrusGray MatterBrodmann area 46"
609,"Left CerebrumFrontal LobeSub-GyralGray Matter"
610,"Left CerebrumFrontal LobeMedial Frontal GyrusGray MatterBrodmann area 32"
611,"Left CerebrumFrontal LobeMedial Frontal GyrusGray Matter"
612,"Right CerebrumFrontal LobeMedial Frontal GyrusGray MatterBrodmann area 32"
613,"Right CerebrumFrontal LobeSuperior Frontal GyrusGray Matter"
614,"Right CerebrumFrontal LobeSub-GyralGray Matter"
615,"Left CerebrumFrontal LobeSuperior Frontal GyrusGray Matter"
616,"Right CerebrumFrontal LobeMedial Frontal GyrusGray Matter"
617,"Left CerebrumFrontal LobeMiddle Frontal GyrusGray Matter"
618,"Right CerebrumFrontal LobeMiddle Frontal GyrusGray Matter"
619,"Inter-HemisphericFrontal Lobe"
620,"Right CerebrumFrontal LobeGray Matter"
621,"Inter-HemisphericSub-lobarExtra-NuclearWhite Matter"
622,"Left CerebrumSub-lobarThalamusGray MatterPulvinar"
623,"Right CerebrumSub-lobarThalamusGray MatterPulvinar"
624,"Inter-HemisphericCerebro-Spinal FluidOptic Tract"
625,"Left CerebrumTemporal LobeMiddle Occipital Gyrus"
626,"Right CerebrumTemporal LobeMiddle Occipital Gyrus"
627,"Right CerebrumTemporal LobeMiddle Occipital GyrusGray MatterBrodmann area 37"
628,"Left CerebrumTemporal LobeMiddle Occipital GyrusGray MatterBrodmann area 37"
629,"Left CerebrumTemporal LobeMiddle Occipital GyrusWhite Matter"
630,"Right CerebrumTemporal LobeMiddle Occipital GyrusWhite Matter"
631,"Left CerebrumLimbic LobeParahippocampal GyrusGray MatterBrodmann area 18"
632,"Right CerebrumLimbic LobeParahippocampal GyrusGray MatterBrodmann area 18"
633,"Inter-HemisphericSub-lobarExtra-NuclearCerebro-Spinal FluidOptic Tract"
634,"Right CerebrumSub-lobarSuperior Temporal GyrusGray MatterBrodmann area 22"
635,"Left CerebrumTemporal LobeInsulaWhite Matter"
636,"Left CerebrumSub-lobarThalamusGray MatterMedial Dorsal Nucleus"
637,"Right CerebrumSub-lobarThalamusGray MatterMedial Dorsal Nucleus"
638,"Left CerebrumSub-lobarExtra-NuclearCerebro-Spinal FluidOptic Tract"
639,"Right CerebrumCerebro-Spinal FluidOptic Tract"
640,"Right CerebrumSub-lobarLentiform NucleusGray Matter"
641,"Right CerebrumSub-lobarExtra-NuclearCerebro-Spinal FluidOptic Tract"
642,"Right CerebrumSub-lobarSuperior Temporal Gyrus"
643,"Left CerebrumSub-lobarThalamusGray MatterVentral Lateral Nucleus"
644,"Right CerebrumSub-lobarThalamusGray MatterVentral Lateral Nucleus"
645,"Right CerebrumThalamusGray Matter"
646,"Left CerebrumSub-lobarThalamusGray MatterVentral Anterior Nucleus"
647,"Right CerebrumSub-lobarThalamusGray MatterVentral Anterior Nucleus"
648,"Left CerebrumFrontal-Temporal SpaceInsula"
649,"Left CerebrumFrontal LobeInsula"
650,"Right CerebrumSub-lobarInferior Frontal Gyrus"
651,"Inter-HemisphericSub-lobarExtra-NuclearWhite MatterCorpus Callosum"
652,"Right CerebrumWhite MatterCorpus Callosum"
653,"Right CerebrumSub-lobarInferior Frontal GyrusGray MatterBrodmann area 45"
654,"Left CerebrumSub-lobarInferior Frontal Gyrus"
655,"Left CerebrumSub-lobarInsulaGray MatterBrodmann area 45"
656,"Right CerebrumSub-lobarInsulaGray MatterBrodmann area 45"
657,"Right CerebrumSub-lobarWhite MatterCorpus Callosum"
658,"Right CerebrumFrontal LobeMiddle Frontal GyrusGray MatterBrodmann area 46"
659,"Inter-HemisphericFrontal LobeMedial Frontal Gyrus"
660,"Left CerebrumOccipital LobeCuneusGray MatterBrodmann area 30"
661,"Right CerebrumOccipital LobeCuneusGray MatterBrodmann area 30"
662,"Left CerebrumLimbic LobePosterior CingulateWhite Matter"
663,"Left CerebrumLimbic LobePosterior CingulateGray MatterBrodmann area 30"
664,"Right CerebrumLimbic LobePosterior CingulateWhite Matter"
665,"Right CerebrumLimbic LobePosterior CingulateGray MatterBrodmann area 30"
666,"Left CerebrumOccipital LobePosterior CingulateWhite Matter"
667,"Left CerebrumLimbic LobePosterior Cingulate"
668,"Right CerebrumLimbic LobePosterior Cingulate"
669,"Right CerebrumOccipital LobePosterior CingulateGray MatterBrodmann area 30"
670,"Left CerebrumLimbic LobePosterior CingulateGray MatterBrodmann area 29"
671,"Right CerebrumLimbic LobePosterior CingulateGray MatterBrodmann area 29"
672,"Left CerebrumTemporal LobeSuperior Temporal GyrusGray MatterBrodmann area 41"
673,"Right CerebrumTemporal LobeSuperior Temporal GyrusGray MatterBrodmann area 41"
674,"Left CerebrumTemporal LobeSuperior Temporal GyrusGray MatterBrodmann area 42"
675,"Right CerebrumTemporal LobeSuperior Temporal GyrusGray MatterBrodmann area 42"
676,"Right CerebrumSub-lobarExtra-NuclearWhite MatterPulvinar"
677,"Left CerebrumSub-lobarExtra-NuclearWhite MatterVentral Posterior Lateral Nucleus"
678,"Left CerebrumTemporal LobePrecentral Gyrus"
679,"Left CerebrumFrontal LobePrecentral Gyrus"
680,"Right CerebrumFrontal LobePrecentral Gyrus"
681,"Right CerebrumTemporal LobePrecentral Gyrus"
682,"Left CerebrumFrontal LobePrecentral GyrusGray MatterBrodmann area 6"
683,"Right CerebrumFrontal LobePrecentral GyrusGray MatterBrodmann area 6"
684,"Right CerebrumSub-lobarThalamusGray MatterAnterior Nucleus"
685,"Left CerebrumFrontal LobePrecentral GyrusWhite Matter"
686,"Left CerebrumSub-lobarThalamusGray MatterAnterior Nucleus"
687,"Right CerebrumFrontal LobePrecentral GyrusWhite Matter"
688,"Inter-HemisphericWhite Matter"
689,"Right CerebrumFrontal LobePrecentral GyrusGray MatterBrodmann area 44"
690,"Left CerebrumFrontal LobePrecentral GyrusGray MatterBrodmann area 44"
691,"Right CerebrumSub-lobarInsulaGray MatterBrodmann area 44"
692,"Left CerebrumSub-lobarCaudateGray MatterCaudate Body"
693,"Right CerebrumSub-lobarCaudateGray MatterCaudate Body"
694,"Left CerebrumLimbic LobeAnterior CingulateWhite MatterCorpus Callosum"
695,"Right CerebrumLimbic LobeAnterior CingulateWhite MatterCorpus Callosum"
696,"Right CerebrumFrontal LobeSub-GyralGray MatterBrodmann area 46"
697,"Left CerebrumFrontal LobeMiddle Frontal GyrusGray MatterBrodmann area 46"
698,"Left CerebrumMiddle Occipital Gyrus"
699,"Left CerebrumOccipital LobeMiddle Temporal GyrusGray MatterBrodmann area 19"
700,"Right CerebrumOccipital LobeMiddle Temporal GyrusGray MatterBrodmann area 19"
701,"Right CerebrumOccipital LobeMiddle Temporal GyrusWhite Matter"
702,"Left CerebrumOccipital LobeMiddle Temporal GyrusGray MatterBrodmann area 39"
703,"Left CerebrumTemporal LobeMiddle Temporal GyrusGray MatterBrodmann area 39"
704,"Right CerebrumTemporal LobeMiddle Temporal GyrusGray MatterBrodmann area 39"
705,"Right CerebrumOccipital LobeMiddle Temporal GyrusGray MatterBrodmann area 39"
706,"Left CerebrumOccipital LobeCuneusGray MatterBrodmann area 23"
707,"Right CerebrumOccipital LobeCuneusGray MatterBrodmann area 23"
708,"Left CerebrumTemporal LobeSuperior Temporal GyrusGray MatterBrodmann area 39"
709,"Right CerebrumTemporal LobeSuperior Temporal GyrusGray MatterBrodmann area 39"
710,"Inter-HemisphericLimbic LobePosterior Cingulate"
711,"Left CerebrumLimbic LobeExtra-NuclearWhite MatterCorpus Callosum"
712,"Right CerebrumLimbic LobeExtra-NuclearWhite MatterCorpus Callosum"
713,"Left CerebrumLimbic LobeSub-GyralWhite MatterCorpus Callosum"
714,"Inter-HemisphericLimbic LobeExtra-NuclearWhite MatterCorpus Callosum"
715,"Right CerebrumLimbic LobeSub-GyralWhite MatterCorpus Callosum"
716,"Superior Temporal Gyrus"
717,"Left CerebrumTemporal LobeTransverse Temporal GyrusWhite Matter"
718,"Right CerebrumTemporal LobeTransverse Temporal GyrusWhite Matter"
719,"Right CerebrumTemporal LobeTransverse Temporal GyrusGray MatterBrodmann area 41"
720,"Left CerebrumTemporal LobeTransverse Temporal GyrusGray MatterBrodmann area 41"
721,"Left CerebrumSub-lobarInsulaGray MatterBrodmann area 41"
722,"Right CerebrumSub-lobarInsulaGray MatterBrodmann area 41"
723,"Left CerebrumSub-lobarTransverse Temporal GyrusGray MatterBrodmann area 41"
724,"Left CerebrumSub-lobarTransverse Temporal GyrusWhite Matter"
725,"Left CerebrumSub-lobarThalamusGray MatterLateral Posterior Nucleus"
726,"Right CerebrumSub-lobarThalamusGray MatterLateral Posterior Nucleus"
727,"Right CerebrumTemporal LobeTransverse Temporal GyrusGray MatterBrodmann area 42"
728,"Left CerebrumTemporal LobeTransverse Temporal Gyrus"
729,"Left CerebrumTemporal LobeTransverse Temporal GyrusGray MatterBrodmann area 42"
730,"Right CerebrumTemporal LobeTransverse Temporal Gyrus"
731,"Right CerebrumTemporal LobePrecentral GyrusWhite Matter"
732,"Left CerebrumFrontal LobeTransverse Temporal GyrusWhite Matter"
733,"Left CerebrumFrontal LobePrecentral GyrusGray MatterBrodmann area 13"
734,"Left CerebrumSub-lobarPrecentral GyrusGray MatterBrodmann area 13"
735,"Right CerebrumFrontal LobePrecentral GyrusGray MatterBrodmann area 13"
736,"Left CerebrumTransverse Temporal Gyrus"
737,"Left CerebrumTemporal LobePrecentral GyrusWhite Matter"
738,"Left CerebrumTemporal LobePrecentral GyrusGray MatterBrodmann area 43"
739,"Left CerebrumFrontal LobePrecentral GyrusGray MatterBrodmann area 43"
740,"Right CerebrumFrontal LobePrecentral GyrusGray MatterBrodmann area 43"
741,"Right CerebrumTemporal LobePrecentral GyrusGray MatterBrodmann area 42"
742,"Left CerebrumTemporal LobePrecentral GyrusGray MatterBrodmann area 42"
743,"Left CerebrumPrecentral Gyrus"
744,"Inter-HemisphericSub-lobarLateral VentricleCerebro-Spinal Fluid"
745,"Right CerebrumPrecentral Gyrus"
746,"Left CerebrumFrontal LobeInsulaWhite Matter"
747,"Right CerebrumFrontal LobeInsulaWhite Matter"
748,"Left CerebrumFrontal LobeInferior Frontal GyrusGray MatterBrodmann area 44"
749,"Right CerebrumFrontal LobeInferior Frontal GyrusGray MatterBrodmann area 44"
750,"Left CerebrumLimbic LobeExtra-Nuclear"
751,"Right CerebrumLimbic LobeExtra-Nuclear"
752,"Inter-HemisphericLimbic LobeAnterior Cingulate"
753,"Left CerebrumMiddle Frontal Gyrus"
754,"Right CerebrumGray MatterBrodmann area 10"
755,"Inter-HemisphericFrontal LobeMedial Frontal GyrusGray MatterBrodmann area 10"
756,"Left CerebrumLimbic LobePosterior CingulateGray MatterBrodmann area 31"
757,"Right CerebrumLimbic LobePosterior CingulateGray MatterBrodmann area 31"
758,"Left CerebrumLimbic LobePosterior CingulateGray MatterBrodmann area 18"
759,"Left CerebrumLimbic LobePosterior CingulateGray Matter"
760,"Right CerebrumLimbic LobePosterior CingulateGray MatterBrodmann area 18"
761,"Right CerebrumLimbic LobePosterior CingulateGray Matter"
762,"Left CerebrumLimbic LobePosterior CingulateGray MatterBrodmann area 23"
763,"Right CerebrumLimbic LobePosterior CingulateGray MatterBrodmann area 23"
764,"Left CerebrumOccipital LobeMiddle Temporal GyrusGray MatterBrodmann area 22"
765,"Left CerebrumSuperior Temporal GyrusGray MatterBrodmann area 22"
766,"Right CerebrumOccipital LobeMiddle Temporal GyrusGray MatterBrodmann area 22"
767,"Left CerebrumOccipital LobeSuperior Temporal GyrusGray MatterBrodmann area 22"
768,"Right CerebrumTemporal LobeSub-GyralGray MatterBrodmann area 41"
769,"Right CerebrumTemporal LobeInsulaWhite Matter"
770,"Left CerebrumTemporal LobeInsulaGray MatterBrodmann area 41"
771,"Right CerebrumTemporal LobeInsulaGray MatterBrodmann area 41"
772,"Left CerebrumTemporal LobePostcentral Gyrus"
773,"Left CerebrumParietal LobePostcentral Gyrus"
774,"Left CerebrumParietal LobePostcentral GyrusGray MatterBrodmann area 40"
775,"Left CerebrumParietal LobeInsulaWhite Matter"
776,"Left CerebrumSub-lobarExtra-NuclearWhite MatterPulvinar"
777,"Right CerebrumParietal LobeInsulaWhite Matter"
778,"Right CerebrumParietal LobePostcentral GyrusGray MatterBrodmann area 40"
779,"Right CerebrumTemporal LobePostcentral Gyrus"
780,"Right CerebrumParietal LobeSuperior Temporal Gyrus"
781,"Right CerebrumSub-lobarInsulaGray MatterBrodmann area 40"
782,"Right CerebrumParietal LobePostcentral Gyrus"
783,"Left CerebrumParietal LobeSuperior Temporal Gyrus"
784,"Left CerebrumParietal LobePostcentral GyrusWhite Matter"
785,"Left CerebrumSub-lobarInsulaGray MatterBrodmann area 40"
786,"Right CerebrumParietal LobePostcentral GyrusWhite Matter"
787,"Left CerebrumSub-lobarThalamusGray MatterLateral Dorsal Nucleus"
788,"Right CerebrumSub-lobarThalamusGray MatterLateral Dorsal Nucleus"
789,"Left CerebrumPostcentral Gyrus"
790,"Left CerebrumSub-lobarThalamusGray MatterMidline Nucleus"
791,"Right CerebrumSub-lobarThalamusGray MatterMidline Nucleus"
792,"Left CerebrumParietal LobePostcentral GyrusGray MatterBrodmann area 43"
793,"Right CerebrumParietal LobePostcentral GyrusGray MatterBrodmann area 43"
794,"Left CerebrumParietal LobePostcentral GyrusGray Matter"
795,"Right CerebrumParietal LobePostcentral GyrusGray Matter"
796,"Left CerebrumParietal LobeSub-GyralWhite Matter"
797,"Right CerebrumParietal LobeSub-GyralGray MatterBrodmann area 43"
798,"Right CerebrumParietal LobeSub-GyralWhite Matter"
799,"Left CerebrumParietal Lobe"
800,"Left CerebrumParietal LobePrecentral GyrusWhite Matter"
801,"Left CerebrumParietal LobeExtra-NuclearWhite Matter"
802,"Right CerebrumParietal LobePrecentral GyrusWhite Matter"
803,"Left CerebrumParietal LobePrecentral Gyrus"
804,"Left CerebrumParietal LobePrecentral GyrusGray MatterBrodmann area 4"
805,"Right CerebrumFrontal LobePrecentral GyrusGray MatterBrodmann area 4"
806,"Right CerebrumParietal LobePrecentral GyrusGray MatterBrodmann area 4"
807,"Right CerebrumParietal LobePrecentral Gyrus"
808,"Left CerebrumFrontal LobePrecentral GyrusGray MatterBrodmann area 4"
809,"Left CerebrumFrontal LobeInferior Frontal GyrusGray MatterBrodmann area 6"
810,"Right CerebrumFrontal LobeInferior Frontal GyrusGray MatterBrodmann area 6"
811,"Left CerebrumInferior Frontal Gyrus"
812,"Middle Frontal Gyrus"
813,"Left CerebrumLimbic LobeAnterior CingulateGray MatterBrodmann area 9"
814,"Left CerebrumFrontal LobeMedial Frontal GyrusGray MatterBrodmann area 9"
815,"Right CerebrumFrontal LobeMedial Frontal GyrusGray MatterBrodmann area 9"
816,"Right CerebrumLimbic LobeAnterior CingulateGray MatterBrodmann area 9"
817,"Left CerebrumSuperior Frontal Gyrus"
818,"Left CerebrumTemporal LobeMiddle Temporal GyrusGray MatterBrodmann area 19"
819,"Right CerebrumTemporal LobeMiddle Temporal GyrusGray MatterBrodmann area 19"
820,"Left CerebrumTemporal LobeMiddle Occipital GyrusGray MatterBrodmann area 19"
821,"Left CerebrumOccipital LobePrecuneusWhite Matter"
822,"Right CerebrumOccipital LobePrecuneusWhite Matter"
823,"Left CerebrumOccipital LobePrecuneusGray MatterBrodmann area 31"
824,"Right CerebrumOccipital LobePrecuneusGray MatterBrodmann area 31"
825,"Left CerebrumOccipital LobePrecuneus"
826,"Left CerebrumOccipital LobePrecuneusGray MatterBrodmann area 18"
827,"Right CerebrumOccipital LobePrecuneusGray MatterBrodmann area 18"
828,"Right CerebrumOccipital LobePrecuneus"
829,"Left CerebrumOccipital LobePrecuneusGray MatterBrodmann area 23"
830,"Right CerebrumOccipital LobePrecuneusGray MatterBrodmann area 23"
831,"Left CerebrumSub-lobarPosterior CingulateWhite Matter"
832,"Right CerebrumSub-lobarPosterior CingulateWhite Matter"
833,"Left CerebrumFrontal LobePostcentral GyrusWhite Matter"
834,"Right CerebrumFrontal LobePostcentral GyrusWhite Matter"
835,"Left CerebrumFrontal LobePostcentral GyrusGray MatterBrodmann area 4"
836,"Right CerebrumFrontal LobePostcentral GyrusGray MatterBrodmann area 4"
837,"Precentral Gyrus"
838,"Left CerebrumLimbic LobeAnterior CingulateGray MatterBrodmann area 33"
839,"Right CerebrumLimbic LobeAnterior CingulateGray MatterBrodmann area 33"
840,"Inter-HemisphericAnterior Cingulate"
841,"Left CerebrumFrontal LobeAnterior CingulateGray MatterBrodmann area 9"
842,"Cuneus"
843,"Left CerebrumOccipital LobeCuneusGray MatterBrodmann area 19"
844,"Right CerebrumOccipital LobeCuneusGray MatterBrodmann area 19"
845,"Superior Occipital Gyrus"
846,"Left CerebrumOccipital LobeSuperior Occipital Gyrus"
847,"Right CerebrumOccipital LobeSuperior Occipital Gyrus"
848,"Left CerebrumOccipital LobeSuperior Occipital GyrusGray MatterBrodmann area 19"
849,"Right CerebrumOccipital LobeSuperior Occipital GyrusGray MatterBrodmann area 19"
850,"Left CerebrumOccipital LobeSuperior Occipital GyrusWhite Matter"
851,"Right CerebrumOccipital LobeSuperior Occipital GyrusWhite Matter"
852,"Left CerebrumTemporal LobeSuperior Occipital Gyrus"
853,"Right CerebrumTemporal LobeSuperior Occipital Gyrus"
854,"Left CerebrumTemporal LobeCuneusWhite Matter"
855,"Right CerebrumTemporal LobeCuneusWhite Matter"
856,"Left CerebrumParietal LobePrecuneusGray MatterBrodmann area 31"
857,"Left CerebrumParietal LobePrecuneusGray MatterBrodmann area 18"
858,"Right CerebrumParietal LobePrecuneusGray MatterBrodmann area 18"
859,"Right CerebrumParietal LobePrecuneusGray MatterBrodmann area 31"
860,"Left CerebrumParietal LobePrecuneusWhite Matter"
861,"Left CerebrumParietal LobePrecuneus"
862,"Right CerebrumParietal LobePrecuneus"
863,"Right CerebrumTemporal LobePrecuneusGray MatterBrodmann area 31"
864,"Right CerebrumParietal LobePrecuneusWhite Matter"
865,"Frontal LobeMiddle Temporal GyrusGray MatterBrodmann area 39"
866,"Right CerebrumTemporal LobePrecuneusWhite Matter"
867,"Left CerebrumTemporal LobePrecuneusWhite Matter"
868,"Left CerebrumTemporal LobeSupramarginal Gyrus"
869,"Left CerebrumTemporal LobeSupramarginal GyrusGray MatterBrodmann area 40"
870,"Left CerebrumTemporal LobeSupramarginal GyrusWhite Matter"
871,"Right CerebrumTemporal LobeSupramarginal GyrusWhite Matter"
872,"Right CerebrumTemporal LobeSupramarginal GyrusGray MatterBrodmann area 40"
873,"Right CerebrumTemporal LobeSupramarginal Gyrus"
874,"Left CerebrumTemporal LobeInferior Parietal LobuleWhite Matter"
875,"Right CerebrumParietal LobeExtra-NuclearWhite Matter"
876,"Right CerebrumTemporal LobeInferior Parietal LobuleWhite Matter"
877,"Left CerebrumTemporal LobeInferior Parietal LobuleGray MatterBrodmann area 40"
878,"Left CerebrumParietal LobeInferior Parietal LobuleGray MatterBrodmann area 40"
879,"Left CerebrumParietal LobeInferior Parietal LobuleWhite Matter"
880,"Right CerebrumParietal LobeInferior Parietal LobuleWhite Matter"
881,"Right CerebrumParietal LobeInferior Parietal LobuleGray MatterBrodmann area 40"
882,"Left CerebrumParietal LobeSupramarginal Gyrus"
883,"Right CerebrumParietal LobeSupramarginal Gyrus"
884,"Left CerebrumTemporal LobeInferior Parietal Lobule"
885,"Right CerebrumTemporal LobeInferior Parietal LobuleGray MatterBrodmann area 40"
886,"Right CerebrumTemporal LobeInferior Parietal Lobule"
887,"Left CerebrumParietal LobeInferior Parietal Lobule"
888,"Inter-HemisphericLimbic Lobe"
889,"Right CerebrumParietal LobeInferior Parietal Lobule"
890,"Left CerebrumLimbic LobeWhite Matter"
891,"Left CerebrumParietal LobePostcentral GyrusGray MatterBrodmann area 2"
892,"Right CerebrumParietal LobePostcentral GyrusGray MatterBrodmann area 2"
893,"Left CerebrumParietal LobePostcentral GyrusGray MatterBrodmann area 1"
894,"Right CerebrumParietal LobePostcentral GyrusGray MatterBrodmann area 1"
895,"Left CerebrumParietal LobePostcentral GyrusGray MatterBrodmann area 3"
896,"Right CerebrumParietal LobePostcentral GyrusGray MatterBrodmann area 3"
897,"Left CerebrumFrontal LobePostcentral GyrusGray MatterBrodmann area 3"
898,"Right CerebrumFrontal LobePostcentral GyrusGray MatterBrodmann area 3"
899,"Left CerebrumFrontal LobeInferior Frontal GyrusGray MatterBrodmann area 9"
900,"Right CerebrumFrontal LobeInferior Frontal GyrusGray MatterBrodmann area 9"
901,"Right CerebrumFrontal LobePrecentral GyrusGray MatterBrodmann area 9"
902,"Left CerebrumFrontal LobeSuperior Frontal GyrusGray MatterBrodmann area 9"
903,"Right CerebrumFrontal LobeSuperior Frontal GyrusGray MatterBrodmann area 9"
904,"Inter-HemisphericSuperior Frontal Gyrus"
905,"Right CerebrumOccipital LobeCuneusGray MatterBrodmann area 31"
906,"Left CerebrumTemporal LobeSuperior Occipital GyrusGray MatterBrodmann area 39"
907,"Right CerebrumTemporal LobeSuperior Occipital GyrusGray MatterBrodmann area 39"
908,"Left CerebrumOccipital LobeSuperior Occipital GyrusGray MatterBrodmann area 39"
909,"Left CerebrumOccipital LobeCuneusGray MatterBrodmann area 31"
910,"Right CerebrumOccipital LobeSuperior Occipital GyrusGray MatterBrodmann area 39"
911,"Left CerebrumLimbic LobePrecuneus"
912,"Left CerebrumLimbic LobeCingulate Gyrus"
913,"Right CerebrumLimbic LobeCingulate Gyrus"
914,"Right CerebrumLimbic LobePrecuneus"
915,"Left CerebrumLimbic LobeCingulate GyrusGray MatterBrodmann area 31"
916,"Right CerebrumLimbic LobeCingulate GyrusGray MatterBrodmann area 31"
917,"Left CerebrumTemporal LobeSub-GyralGray MatterBrodmann area 39"
918,"Right CerebrumTemporal LobeSub-GyralGray MatterBrodmann area 39"
919,"Left CerebrumLimbic LobePrecuneusWhite Matter"
920,"Left CerebrumLimbic LobePrecuneusGray MatterBrodmann area 31"
921,"Left CerebrumLimbic LobeCingulate GyrusWhite Matter"
922,"Right CerebrumLimbic LobeCingulate GyrusWhite Matter"
923,"Right CerebrumLimbic LobePrecuneusGray MatterBrodmann area 31"
924,"Right CerebrumLimbic LobePrecuneusWhite Matter"
925,"Left CerebrumOccipital LobeSuperior Temporal Gyrus"
926,"Right CerebrumOccipital LobeSuperior Temporal Gyrus"
927,"Left CerebrumParietal LobeSupramarginal GyrusGray MatterBrodmann area 40"
928,"Right CerebrumParietal LobeSupramarginal GyrusGray MatterBrodmann area 40"
929,"Left CerebrumParietal LobeSupramarginal GyrusWhite Matter"
930,"Right CerebrumParietal LobeSupramarginal GyrusWhite Matter"
931,"Supramarginal Gyrus"
932,"Right CerebrumLimbic LobeSub-GyralGray MatterBrodmann area 31"
933,"Inferior Parietal Lobule"
934,"Left CerebrumLimbic LobeCingulate GyrusGray MatterBrodmann area 23"
935,"Right CerebrumLimbic LobeCingulate GyrusGray MatterBrodmann area 23"
936,"Left CerebrumFrontal LobeInferior Parietal LobuleWhite Matter"
937,"Right CerebrumFrontal LobeInferior Parietal LobuleWhite Matter"
938,"Left CerebrumParietal LobePrecentral GyrusGray MatterBrodmann area 3"
939,"Left CerebrumFrontal LobePrecentral GyrusGray MatterBrodmann area 3"
940,"Right CerebrumFrontal LobePrecentral GyrusGray MatterBrodmann area 3"
941,"Left CerebrumLimbic LobeCingulate GyrusGray MatterBrodmann area 24"
942,"Right CerebrumLimbic LobeCingulate GyrusGray MatterBrodmann area 24"
943,"Left CerebrumFrontal LobeMiddle Frontal GyrusGray MatterBrodmann area 9"
944,"Right CerebrumFrontal LobeMiddle Frontal GyrusGray MatterBrodmann area 9"
945,"Left CerebrumLimbic LobeCingulate GyrusGray MatterBrodmann area 32"
946,"Right CerebrumLimbic LobeCingulate GyrusGray MatterBrodmann area 32"
947,"Left CerebrumLimbic LobeMedial Frontal GyrusGray MatterBrodmann area 32"
948,"Right CerebrumLimbic LobeMedial Frontal GyrusGray MatterBrodmann area 32"
949,"Left CerebrumLimbic LobeMedial Frontal Gyrus"
950,"Right CerebrumLimbic LobeMedial Frontal Gyrus"
951,"Right CerebrumCuneus"
952,"Left CerebrumOccipital LobeCuneusGray MatterBrodmann area 7"
953,"Right CerebrumOccipital LobeCuneusGray MatterBrodmann area 7"
954,"Angular Gyrus"
955,"Left CerebrumOccipital LobeAngular Gyrus"
956,"Right CerebrumOccipital LobeAngular Gyrus"
957,"Left CerebrumTemporal LobeAngular Gyrus"
958,"Left CerebrumTemporal LobeAngular GyrusGray MatterBrodmann area 39"
959,"Right CerebrumTemporal LobeAngular GyrusGray MatterBrodmann area 39"
960,"Right CerebrumTemporal LobeAngular Gyrus"
961,"Left CerebrumTemporal LobeAngular GyrusWhite Matter"
962,"Right CerebrumTemporal LobeAngular GyrusWhite Matter"
963,"Left CerebrumParietal LobeCuneusWhite Matter"
964,"Right CerebrumParietal LobeCuneusWhite Matter"
965,"Left CerebrumParietal LobeAngular GyrusWhite Matter"
966,"Right CerebrumParietal LobeAngular GyrusWhite Matter"
967,"Left CerebrumParietal LobeAngular GyrusGray MatterBrodmann area 39"
968,"Left CerebrumParietal LobePrecuneusGray MatterBrodmann area 7"
969,"Right CerebrumOccipital LobePrecuneusGray MatterBrodmann area 7"
970,"Right CerebrumParietal LobeAngular GyrusGray MatterBrodmann area 39"
971,"Left CerebrumOccipital LobePrecuneusGray MatterBrodmann area 7"
972,"Right CerebrumParietal LobePrecuneusGray MatterBrodmann area 7"
973,"Parietal Lobe"
974,"Left CerebrumParietal LobeSupramarginal GyrusGray MatterBrodmann area 39"
975,"Right CerebrumParietal LobeSupramarginal GyrusGray MatterBrodmann area 39"
976,"Right CerebrumPrecuneus"
977,"Right CerebrumParietal Lobe"
978,"Left CerebrumParietal LobeInferior Parietal LobuleGray MatterBrodmann area 2"
979,"Left CerebrumFrontal LobePostcentral Gyrus"
980,"Right CerebrumFrontal LobePostcentral Gyrus"
981,"Left CerebrumLimbic LobeCingulate GyrusGray MatterBrodmann area 9"
982,"Right CerebrumLimbic LobeCingulate GyrusGray MatterBrodmann area 9"
983,"Left CerebrumFrontal LobeSub-GyralGray MatterBrodmann area 9"
984,"Right CerebrumFrontal LobeSub-GyralGray MatterBrodmann area 9"
985,"Left CerebrumParietal LobeCuneus"
986,"Left CerebrumParietal LobePrecuneusGray MatterBrodmann area 19"
987,"Right CerebrumParietal LobePrecuneusGray MatterBrodmann area 19"
988,"Inter-HemisphericPrecuneus"
989,"Right CerebrumParietal LobePrecuneusGray MatterBrodmann area 39"
990,"Left CerebrumParietal LobePrecuneusGray MatterBrodmann area 39"
991,"Right CerebrumParietal LobeSub-GyralGray MatterBrodmann area 39"
992,"Left CerebrumParietal LobeAngular GyrusGray MatterBrodmann area 40"
993,"Right CerebrumParietal LobeAngular GyrusGray MatterBrodmann area 40"
994,"Left CerebrumLimbic LobeSub-GyralGray MatterBrodmann area 31"
995,"Left CerebrumParietal LobeCingulate GyrusGray MatterBrodmann area 31"
996,"Left CerebrumParietal LobeCingulate Gyrus"
997,"Right CerebrumParietal LobeCingulate Gyrus"
998,"Right CerebrumParietal LobeCingulate GyrusGray MatterBrodmann area 31"
999,"Left CerebrumParietal LobeSub-GyralGray MatterBrodmann area 40"
1000,"Right CerebrumParietal LobeSub-GyralGray MatterBrodmann area 40"
1001,"Left CerebrumFrontal LobeCingulate GyrusWhite Matter"
1002,"Right CerebrumFrontal LobeCingulate GyrusWhite Matter"
1003,"Left CerebrumParietal LobePostcentral GyrusGray MatterBrodmann area 4"
1004,"Left CerebrumFrontal LobePrecentral GyrusGray MatterBrodmann area 9"
1005,"Left CerebrumFrontal LobeCingulate Gyrus"
1006,"Left CerebrumFrontal LobeCingulate GyrusGray MatterBrodmann area 32"
1007,"Right CerebrumFrontal LobeCingulate Gyrus"
1008,"Right CerebrumFrontal LobeCingulate GyrusGray MatterBrodmann area 32"
1009,"Left CerebrumFrontal LobeMedial Frontal GyrusGray MatterBrodmann area 6"
1010,"Left CerebrumFrontal LobeCingulate GyrusGray MatterBrodmann area 6"
1011,"Right CerebrumFrontal LobeMedial Frontal GyrusGray MatterBrodmann area 6"
1012,"Right CerebrumFrontal LobeCingulate GyrusGray MatterBrodmann area 6"
1013,"Precuneus"
1014,"Left CerebrumParietal LobeInferior Parietal LobuleGray MatterBrodmann area 39"
1015,"Right CerebrumParietal LobeInferior Parietal LobuleGray MatterBrodmann area 39"
1016,"Left CerebrumFrontal LobePrecuneusGray MatterBrodmann area 31"
1017,"Right CerebrumFrontal LobeSub-GyralGray MatterBrodmann area 31"
1018,"Left CerebrumParietal LobeSub-GyralGray MatterBrodmann area 2"
1019,"Right CerebrumParietal LobePrecentral GyrusGray MatterBrodmann area 3"
1020,"Left CerebrumLimbic LobeSub-GyralGray MatterBrodmann area 24"
1021,"Right CerebrumLimbic LobeSub-GyralGray MatterBrodmann area 24"
1022,"Left CerebrumFrontal LobeSub-GyralGray MatterBrodmann area 6"
1023,"Left CerebrumFrontal LobeMiddle Frontal GyrusGray MatterBrodmann area 6"
1024,"Right CerebrumFrontal LobeMiddle Frontal GyrusGray MatterBrodmann area 6"
1025,"Left CerebrumFrontal LobeMiddle Frontal GyrusGray MatterBrodmann area 8"
1026,"Right CerebrumFrontal LobeMiddle Frontal GyrusGray MatterBrodmann area 8"
1027,"Left CerebrumFrontal LobeSub-GyralGray MatterBrodmann area 8"
1028,"Right CerebrumFrontal LobeSub-GyralGray MatterBrodmann area 8"
1029,"Left CerebrumLimbic LobeSub-GyralGray MatterBrodmann area 32"
1030,"Right CerebrumLimbic LobeSub-GyralGray MatterBrodmann area 32"
1031,"Left CerebrumFrontal LobeSub-GyralGray MatterBrodmann area 32"
1032,"Right CerebrumFrontal LobeSub-GyralGray MatterBrodmann area 32"
1033,"Left CerebrumFrontal LobeMedial Frontal GyrusGray MatterBrodmann area 8"
1034,"Right CerebrumFrontal LobeMedial Frontal GyrusGray MatterBrodmann area 8"
1035,"Left CerebrumFrontal LobeSuperior Frontal GyrusGray MatterBrodmann area 8"
1036,"Right CerebrumFrontal LobeSuperior Frontal GyrusGray MatterBrodmann area 8"
1037,"Left CerebrumParietal LobeSuperior Parietal Lobule"
1038,"Right CerebrumParietal LobeSuperior Parietal Lobule"
1039,"Left CerebrumParietal LobeSuperior Parietal LobuleGray MatterBrodmann area 7"
1040,"Right CerebrumParietal LobeSuperior Parietal LobuleGray MatterBrodmann area 7"
1041,"Left CerebrumParietal LobeSuperior Parietal LobuleWhite Matter"
1042,"Right CerebrumParietal LobeSuperior Parietal LobuleWhite Matter"
1043,"Left CerebrumParietal LobeInferior Parietal LobuleGray MatterBrodmann area 7"
1044,"Right CerebrumParietal LobeInferior Parietal LobuleGray MatterBrodmann area 7"
1045,"Left CerebrumFrontal LobeParacentral LobuleGray MatterBrodmann area 31"
1046,"Left CerebrumFrontal LobeParacentral Lobule"
1047,"Inter-HemisphericParacentral Lobule"
1048,"Right CerebrumFrontal LobeParacentral Lobule"
1049,"Right CerebrumFrontal LobeParacentral LobuleGray MatterBrodmann area 31"
1050,"Right CerebrumParietal LobeSub-GyralGray MatterBrodmann area 31"
1051,"Left CerebrumFrontal LobeParacentral LobuleWhite Matter"
1052,"Right CerebrumFrontal LobeParacentral LobuleWhite Matter"
1053,"Left CerebrumLimbic LobeParacentral LobuleGray MatterBrodmann area 31"
1054,"Left CerebrumLimbic LobeParacentral LobuleWhite Matter"
1055,"Right CerebrumLimbic LobeParacentral LobuleWhite Matter"
1056,"Left CerebrumLimbic LobeParacentral Lobule"
1057,"Right CerebrumLimbic LobeParacentral Lobule"
1058,"Inter-HemisphericCingulate Gyrus"
1059,"Inter-HemisphericMedial Frontal Gyrus"
1060,"Superior Parietal Lobule"
1061,"Left CerebrumParietal LobeSuperior Parietal LobuleGray MatterBrodmann area 40"
1062,"Right CerebrumParietal LobeSuperior Parietal LobuleGray MatterBrodmann area 40"
1063,"Left CerebrumParietal LobeParacentral LobuleWhite Matter"
1064,"Left CerebrumParietal LobeParacentral LobuleGray MatterBrodmann area 5"
1065,"Left CerebrumParietal LobeParacentral LobuleGray MatterBrodmann area 7"
1066,"Right CerebrumParietal LobeParacentral LobuleGray MatterBrodmann area 7"
1067,"Right CerebrumParietal LobeParacentral LobuleGray MatterBrodmann area 5"
1068,"Left CerebrumFrontal LobeParacentral LobuleGray MatterBrodmann area 5"
1069,"Right CerebrumFrontal LobePrecuneus"
1070,"Right CerebrumFrontal LobeParacentral LobuleGray MatterBrodmann area 5"
1071,"Left CerebrumParietal LobeParacentral Lobule"
1072,"Right CerebrumParietal LobeParacentral Lobule"
1073,"Right CerebrumParietal LobeParacentral LobuleWhite Matter"
1074,"Right CerebrumFrontal LobePrecuneusWhite Matter"
1075,"Left CerebrumFrontal LobeParacentral LobuleGray MatterBrodmann area 6"
1076,"Right CerebrumFrontal LobeParacentral LobuleGray MatterBrodmann area 6"
1077,"Left CerebrumFrontal LobeSuperior Frontal GyrusGray MatterBrodmann area 6"
1078,"Right CerebrumFrontal LobeSuperior Frontal GyrusGray MatterBrodmann area 6"
1079,"Right CerebrumSuperior Parietal Lobule"
1080,"Left CerebrumParietal LobeSub-GyralGray MatterBrodmann area 7"
1081,"Right CerebrumParietal LobeSub-GyralGray MatterBrodmann area 7"
1082,"Right CerebrumFrontal LobeInferior Parietal LobuleGray MatterBrodmann area 40"
1083,"Left CerebrumFrontal LobePrecuneusGray MatterBrodmann area 5"
1084,"Left CerebrumFrontal LobePrecuneusWhite Matter"
1085,"Left CerebrumFrontal LobePrecuneus"
1086,"Right CerebrumFrontal LobePrecuneusGray MatterBrodmann area 5"
1087,"Right CerebrumFrontal LobeParacentral LobuleGray MatterBrodmann area 7"
1088,"Left CerebrumFrontal LobeParacentral LobuleGray MatterBrodmann area 3"
1089,"Left CerebrumFrontal LobeParacentral LobuleGray MatterBrodmann area 4"
1090,"Right CerebrumFrontal LobeParacentral LobuleGray MatterBrodmann area 4"
1091,"Right CerebrumFrontal LobeParacentral LobuleGray MatterBrodmann area 3"
1092,"Right CerebrumFrontal LobeSub-GyralGray MatterBrodmann area 3"
1093,"Right CerebrumFrontal LobeSub-GyralGray MatterBrodmann area 4"
1094,"Right CerebrumFrontal LobeSub-GyralGray MatterBrodmann area 6"
1095,"Left CerebrumParietal LobePostcentral GyrusGray MatterBrodmann area 5"
1096,"Right CerebrumParietal LobePostcentral GyrusGray MatterBrodmann area 5"
1097,"Left CerebrumParietal LobeSuperior Parietal LobuleGray MatterBrodmann area 5"
1098,"Right CerebrumParietal LobeSuperior Parietal LobuleGray MatterBrodmann area 5"
1099,"Right CerebrumParietal LobePostcentral GyrusGray MatterBrodmann area 4"
1100,"Right CerebrumFrontal LobeMedial Frontal GyrusGray MatterBrodmann area 4"
1101,"Left CerebrumParietal LobePostcentral GyrusGray MatterBrodmann area 7"
1102,"Right CerebrumParietal LobePostcentral GyrusGray MatterBrodmann area 7"
1103,"Inter-HemisphericPostcentral Gyrus"
1104,"Left CerebrumParietal LobeParacentral LobuleGray MatterBrodmann area 4"
1105,"Right CerebrumParietal LobeParacentral LobuleGray MatterBrodmann area 4"
